query,retrieved_result,llm_answer
"<실내 조도> 0lx (완전 암흑)(0lx (완전 암흑))에 해당한 횟수가 291회
	- 참고 사항: 완전 암흑으로 인한 안전사고 위험, - 완전한 어둠은 낙상 및 안전사고 위험 증가
- 최소한의 안전조명 필요
- 야간 보행로나 계단 등에는 센서등 설치 권장","<참고 문서>
context 0) 노인의 적정 조도: 낮 300~500lx, 야간은 최소 안전조명.
context 1) 과도한 밝기는 수면 방해, 낮은 밝기는 낙상 위험.
context 2) 자연광 활용 및 간접조명 조절 필요.
","- 최근 한달 간 실내 조도가 '완전 암흑' 상태(0lx)였던 시간이 총 291 시간으로 확인되었습니다.
실내 조도가 '완전 암흑' 상태로 지속되는 것은 낙상 및 안전사고 위험을 증가시킬 수 있습니다. 특히 노인의 경우, 낮은 밝기는 낙상 위험을 더욱 높이므로 최소한의 안전조명이 필요합니다.
야간 보행로나 계단 등에는 센서등을 설치하여 필요한 순간에만 조명이 켜지도록 하면 안전성을 크게 높일 수 있습니다. 또한, 주거 공간 내에서 적정 조도를 유지하기 위해 자연광을 최대한 활용하고, 필요에 따라 간접조명을 조절하는 것이 좋습니다.
특히, 낮 시간대에는 300~500lx의 조도를 유지하고, 야간에는 최소한의 안전조명을 통해 안전사고를 예방할 수 있습니다. 이는 수면 방해를 최소화하면서도 안전을 유지할 수 있는 방법입니다."
"<실내 이산화탄소 농도> 1,000 ppm 초과(1,000 ppm 초과)에 해당한 횟수가 572회
	- 참고 사항: - 농도가 높아지면 졸림, 집중력 저하, 호흡곤란, 어지럼증, 피로/졸림현상, 두통 및 어깨결림 유발
- 새벽이나 이른아침 미세먼지 농도가 낮은 편으로 오전 10시 전에 환기하는 것이 효과적","<참고 문서>
context 0) CO₂ 1,000ppm 초과 시 졸림·두통·집중력 저하 발생.
context 1) 노인에게는 인지 저하와 호흡기 악화 영향.
context 2) 환기·공기청정기 활용이 효과적.
","- 최근 한달 간 실내 이산화탄소 농도가 '높음' 상태(1,000 ppm 초과)였던 시간이 총 572 시간으로 확인되었습니다.
실내 이산화탄소 농도가 '높음' 상태로 지속되면 졸림, 집중력 저하, 호흡곤란, 어지럼증, 피로, 두통, 어깨결림 등의 증상이 나타날 수 있습니다. 특히 노인의 경우 인지 저하와 호흡기 악화의 위험이 더욱 증가할 수 있습니다.
이러한 증상을 예방하기 위해서는 실내 환기를 자주 실시하는 것이 중요합니다. 새벽이나 이른 아침에 미세먼지 농도가 낮은 시간대(오전 10시 전)에 환기를 하는 것이 더욱 효과적입니다. 또한 공기청정기를 활용하여 실내 공기 질을 개선하는 것도 좋은 방법입니다. 실내에서 많은 사람들이 모이는 경우나 요리를 할 때는 특히 이산화탄소 농도가 급격히 상승할 수 있으므로, 이러한 상황에서는 더욱 신경 써서 환기를 실시하는 것이 좋습니다."
"<실내 온도> 초과(초과)에 해당한 횟수가 483회
	- 참고 사항: 여름
▼
온열질환
주의, (여름)
- 집안 창문에 직사광선을 차단할 수 있도록 커튼이나 천, 필름 등 설치
- 탈수를 유발하는 카페인이 들어간 음료나 주류보다는 생수나 이온음료 마시는 것이 좋음
- 하루 중 오후 12시~5시 사이 야외활동은 피하는 것을 권장
- 열발진(땀띠)이 생긴 경우, 파우더 등을 사용하여 열발진 부위를 건조하게 유지

(겨울)
- 난방기구 직접적인 열을 피하고 적정 온도(18-22도)로 설정하여 과도한 난방 방지
- 실내외 온도차가 10도 이상 나지 않도록 주의하여 감기나 호흡기 질환 예방","<참고 문서>
context 0) 적정 실내 온도: 겨울 22–24℃, 여름 26–28℃.
context 1) 온도 변화는 심혈관·면역·호흡기에 영향.
context 2) 계절별 난방·냉방 관리 및 실내외 온도차 조절 필요.
","- 최근 한달 간 실내 온도가 '정상' 범위(15~28℃)를 벗어나 '높음' 상태(28℃ 초과)였던 시간이 총 483 시간으로 확인되었습니다.
실내 온도가 '높음' 상태로 지속되는 것은 여름철 특유의 고온 환경과 직사광선, 복사열이 주요 원인일 수 있습니다. 이로 인해 온열질환 위험이 증가하므로, 창문에 커튼이나 차광 필름을 설치하여 직사광선을 차단하시기 바랍니다.
또한 냉방기구의 온도 설정을 적정 범위(26~28℃)로 조절하고, 탈수 방지를 위해 카페인이 들어간 음료나 주류보다는 생수나 이온음료를 섭취하는 것이 좋습니다. 특히 오후 12시부터 5시까지는 실내 온도가 가장 높아지는 시간대이므로 야외활동을 피하고 실내에서 충분한 수분을 섭취하시길 권장합니다.
마지막으로, 실내외 온도 차이가 크면 감기나 호흡기 질환의 위험이 증가하므로, 실내외 온도 차이를 10도 이내로 유지하는 것이 좋습니다."
"<실내 조도> 300lx 미만(300lx 미만)에 해당한 횟수가 465회
	- 참고 사항: 대낮 활동을 위한 조도 부족, - 대낮 시간대는 가장 활동성이 높은 시간으로 충분한 조도 필요
- 업무나 독서 등 정밀한 작업을 위한 적절한 밝기 부족
- 눈의 피로 및 집중력 저하 유발 가능
- 자연광 활용을 최우선으로 하되 부족 시 인공조명 보완","<참고 문서>
context 0) 노인의 적정 조도: 낮 300~500lx, 야간은 최소 안전조명.
context 1) 과도한 밝기는 수면 방해, 낮은 밝기는 낙상 위험.
context 2) 자연광 활용 및 간접조명 조절 필요.
","- 최근 한달 간 실내 조도가 '낮음' 상태(300lx 미만)였던 시간이 총 465 시간으로 확인되었습니다.
실내 조도가 '낮음' 상태로 지속되는 것은 대낮 활동을 위한 적절한 밝기를 제공하지 못하고 있습니다. 이로 인해 눈의 피로와 집중력 저하가 유발될 수 있으며, 특히 노인의 경우 낙상 위험이 증가할 수 있습니다. 
자연광을 최우선으로 활용하여 실내 조도를 개선하는 것이 좋습니다. 창문을 통해 가능한 한 많은 자연광을 들여오고, 필요할 경우 인공조명을 보완하여 적정 조도(300~500lx)를 유지하도록 하세요. 
특히 업무나 독서 등 정밀한 작업을 할 때는 더욱 밝은 조명을 사용하여 눈의 피로를 줄이고 집중력을 높이는 것이 좋습니다. 또한, 야간에는 최소한의 안전조명을 유지하여 낙상 위험을 줄이는 것이 중요합니다."
"<실내 온도> 미만(미만)에 해당한 횟수가 287회
	- 참고 사항: 겨울:한파관련 주의

여름:냉방기구 조정 필요, (겨울)
- 내복을 입는 것만으로도 약 2.4도의 보온효과 발생
- 실내에서는 두께가 있는 가디건을 입는 것이 효과적
- 온도가 낮은 이른 아침의 무리한 신체활동은 혈압이 상승하거나 심뇌혈관질환이 악화될 가능성이 있음
- 추운날씨에는 술과 카페인 음료는 체온을 급격하게 잃게할 수 있음. 따뜻한 물이나 단맛의 음료를 마시는것은 체온 유지에 도움이 됨
- 땀흘리는 심한 운동은 그렇지 않았을 때보다 빠른 속도로 체온이 감소되므로 삼가는 것이 좋음
- 신체에 오한이 드는 경우 목도리와 모자 착용 권장

(여름)
- 에어컨 직풍을 피하고 적정 온도(24-26도)로 설정하여 과도한 냉방 방지
- 실내외 온도차가 7도 이상 나지 않도록 주의하여 냉방병 예방","<참고 문서>
context 0) 적정 실내 온도: 겨울 22–24℃, 여름 26–28℃.
context 1) 온도 변화는 심혈관·면역·호흡기에 영향.
context 2) 계절별 난방·냉방 관리 및 실내외 온도차 조절 필요.
","- 최근 한달 간 실내 온도가 '정상' 범위(15~28℃)보다 '낮음' 상태(< 15℃)였던 시간이 총 287 시간으로 확인되었습니다.
실내 온도가 '낮음' 상태로 지속되는 것은 저체온증이나 혈액 순환 문제를 유발할 수 있습니다. 특히 겨울철에는 한파 관련 주의가 필요하며, 실내에서는 두께가 있는 가디건을 입는 것이 효과적입니다. 
또한, 내복을 입는 것만으로도 약 2.4도의 보온 효과가 있으므로, 추운 날씨에는 내복 착용을 권장합니다. 이른 아침의 무리한 신체 활동은 혈압 상승이나 심뇌혈관 질환이 악화될 가능성이 있으므로 피하는 것이 좋습니다.
술과 카페인 음료는 체온을 급격하게 잃게 할 수 있으므로, 따뜻한 물이나 단맛의 음료를 마시는 것이 체온 유지에 도움이 됩니다. 땀을 많이 흘리는 심한 운동은 체온이 빠르게 감소하므로 삼가는 것이 좋으며, 신체에 오한이 드는 경우에는 목도리와 모자를 착용하여 체온을 유지하는 것이 좋습니다."
"<실내 온도> 초과(초과)에 해당한 횟수가 122회
	- 참고 사항: 여름
▼
온열질환
주의, (여름)
- 집안 창문에 직사광선을 차단할 수 있도록 커튼이나 천, 필름 등 설치
- 탈수를 유발하는 카페인이 들어간 음료나 주류보다는 생수나 이온음료 마시는 것이 좋음
- 하루 중 오후 12시~5시 사이 야외활동은 피하는 것을 권장
- 열발진(땀띠)이 생긴 경우, 파우더 등을 사용하여 열발진 부위를 건조하게 유지

(겨울)
- 난방기구 직접적인 열을 피하고 적정 온도(18-22도)로 설정하여 과도한 난방 방지
- 실내외 온도차가 10도 이상 나지 않도록 주의하여 감기나 호흡기 질환 예방","<참고 문서>
context 0) 적정 실내 온도: 겨울 22–24℃, 여름 26–28℃.
context 1) 온도 변화는 심혈관·면역·호흡기에 영향.
context 2) 계절별 난방·냉방 관리 및 실내외 온도차 조절 필요.
","- 최근 한달 간 실내 온도가 '정상' 범위(15~28℃)를 벗어나 '높음' 상태(28℃ 초과)였던 시간이 총 122 시간으로 확인되었습니다.
실내 온도가 '높음' 상태로 지속되는 것은 여름철 특유의 높은 온도와 직사광선이 주요 원인일 수 있습니다. 이로 인해 온열질환의 위험이 증가하므로, 창문에 커튼이나 차광 필름을 설치하여 직사광선을 차단하시기 바랍니다.
또한 냉방기구의 온도 설정을 적정 범위(26~28℃)로 조절하고, 탈수 방지를 위해 카페인이 들어간 음료나 주류보다는 생수나 이온음료를 섭취하는 것이 좋습니다. 
특히 오후 12시부터 5시까지는 실내 온도가 가장 높아지는 시간대이므로 야외활동을 피하고 실내에서 충분한 수분을 섭취하시길 권장합니다. 
열발진(땀띠)이 생긴 경우, 파우더 등을 사용하여 열발진 부위를 건조하게 유지하는 것이 도움이 됩니다."
"<실내 습도> 60% 초과(60% 초과)에 해당한 횟수가 85회
	- 참고 사항: 곰팡이/세균/진드기 번식, 결로, - 습도가 60% 이상이 되는 경우 실내 곰팡이가 증식할 수 있음
- 환기를 통해 욕실 등 습기 발생원의 습기를 실외로 배출","<참고 문서>
context 0) 적정 실내 습도는 40~60%.
context 1) 건조 시 호흡기 건조·염증, 과습 시 곰팡이·감염 증가.
context 2) 환기 및 가습/제습 유지 필요.
","- 최근 한달 간 실내 습도가 '높음' 상태(60% 초과)였던 시간이 총 85 시간으로 확인되었습니다.
실내 습도가 '높음' 상태로 지속되면 곰팡이, 세균, 진드기의 번식이 증가하고 결로 현상이 발생할 수 있습니다. 이러한 습도 상태는 실내 공기질을 저하시키고 호흡기 질환의 위험을 증가시키므로, 환기를 통해 습기를 제거하는 것이 중요합니다.
특히 욕실이나 주방 등 습기가 많이 발생하는 공간에서는 환기 팬을 이용하여 습기를 실외로 배출하고, 제습기를 사용하여 습도를 적정 범위(40~60%)로 유지하는 것이 좋습니다. 또한, 습도가 높은 상태가 지속될 경우 곰팡이 제거제를 사용하여 곰팡이 번식을 방지하고, 실내 청결을 유지하는 것이 필요합니다."
"<실내 습도> 60% 초과(60% 초과)에 해당한 횟수가 477회
	- 참고 사항: 곰팡이/세균/진드기 번식, 결로, - 습도가 60% 이상이 되는 경우 실내 곰팡이가 증식할 수 있음
- 환기를 통해 욕실 등 습기 발생원의 습기를 실외로 배출","<참고 문서>
context 0) 적정 실내 습도는 40~60%.
context 1) 건조 시 호흡기 건조·염증, 과습 시 곰팡이·감염 증가.
context 2) 환기 및 가습/제습 유지 필요.
","- 최근 한달 간 실내 습도가 '높음' 상태(60% 초과)였던 시간이 총 477 시간으로 확인되었습니다.
실내 습도가 '높음' 상태로 지속되면 곰팡이, 세균, 진드기의 번식이 증가하며, 이로 인해 결로 현상이 발생하고 호흡기 질환이 유발될 위험이 있습니다. 따라서, 실내 습도를 적정 범위(40~60%)로 유지하기 위해 환기를 자주 실시하고, 특히 욕실 등 습기가 많은 장소에서는 환풍기를 활용하여 습기를 실외로 배출하는 것이 중요합니다.
또한, 제습기를 사용하여 습도를 조절하거나, 실내에 흡습 효과가 있는 물건들을 배치하여 습도를 낮추는 것도 효과적입니다. 이러한 조치를 통해 실내 환경을 쾌적하게 유지하고, 건강 위험을 줄일 수 있습니다."
"<실내 조도> 0lx (완전 암흑)(0lx (완전 암흑))에 해당한 횟수가 635회
	- 참고 사항: 완전 암흑으로 인한 안전사고 위험, - 완전한 어둠은 낙상 및 안전사고 위험 증가
- 최소한의 안전조명 필요
- 야간 보행로나 계단 등에는 센서등 설치 권장","<참고 문서>
context 0) 노인의 적정 조도: 낮 300~500lx, 야간은 최소 안전조명.
context 1) 과도한 밝기는 수면 방해, 낮은 밝기는 낙상 위험.
context 2) 자연광 활용 및 간접조명 조절 필요.
","- 최근 한달 간 실내 조도가 '완전 암흑' 상태(0lx)였던 시간이 총 635 시간으로 확인되었습니다. 
실내 조도가 '완전 암흑' 상태로 지속되는 것은 낙상 및 안전사고 위험을 크게 증가시킵니다. 특히 노인의 경우, 낮은 조도는 낙상 위험이 더욱 높아질 수 있으므로, 최소한의 안전조명을 설치하는 것이 중요합니다. 
야간 보행로나 계단 등에는 센서등을 설치하여 어두운 공간에서도 안전하게 이동할 수 있도록 하는 것이 좋습니다. 또한, 낮에는 자연광을 최대한 활용하고, 필요할 경우 간접조명을 사용하여 적정 조도를 유지하는 것이 좋습니다. 
실내 조도를 적절히 조절하는 것은 안전사고를 예방하고 쾌적한 환경을 만들기 위한 중요한 요소입니다."
"<실내 이산화탄소 농도> 1,000 ppm 초과(1,000 ppm 초과)에 해당한 횟수가 303회
	- 참고 사항: - 농도가 높아지면 졸림, 집중력 저하, 호흡곤란, 어지럼증, 피로/졸림현상, 두통 및 어깨결림 유발
- 새벽이나 이른아침 미세먼지 농도가 낮은 편으로 오전 10시 전에 환기하는 것이 효과적","<참고 문서>
context 0) CO₂ 1,000ppm 초과 시 졸림·두통·집중력 저하 발생.
context 1) 노인에게는 인지 저하와 호흡기 악화 영향.
context 2) 환기·공기청정기 활용이 효과적.
","- 최근 한달 간 실내 이산화탄소 농도가 '높음' 상태(1,000 ppm 초과)였던 시간이 총 303 시간으로 확인되었습니다.
실내 이산화탄소 농도가 '높음' 상태로 지속되면 졸림, 집중력 저하, 호흡곤란, 어지럼증, 피로, 두통 및 어깨결림 등의 증상이 유발될 수 있습니다. 특히 노인의 경우 인지 저하와 호흡기 악화의 위험이 더욱 높아집니다.
이러한 증상을 예방하기 위해서는 환기와 공기청정기 활용이 효과적입니다. 새벽이나 이른 아침에 미세먼지 농도가 낮은 시기에 환기를 실시하면 더욱 효과적입니다. 오전 10시 전에 창문을 열어 환기를 하고, 공기청정기를 사용하여 실내 공기 질을 개선하시기 바랍니다. 이러한 조치를 통해 실내 이산화탄소 농도를 '정상' 범위(400~1,000 ppm) 내로 유지할 수 있습니다."
"<실내 조도> 100lx 미만(100lx 미만)에 해당한 횟수가 604회
	- 참고 사항: 아침 활동을 위한 충분한 밝기 부족, - 아침 시간대는 활동성이 높아지는 시간으로 충분한 조도가 필요
- 너무 어두우면 눈의 피로 유발 및 일상 활동에 지장
- 자연광을 최대한 활용하여 실내 조도 확보 권장
- 조도가 낮으면 시야 확보에 어려움이 생기고 낙상 등 상황 발생 가능성 커짐","<참고 문서>
context 0) 노인의 적정 조도: 낮 300~500lx, 야간은 최소 안전조명.
context 1) 과도한 밝기는 수면 방해, 낮은 밝기는 낙상 위험.
context 2) 자연광 활용 및 간접조명 조절 필요.
","- 최근 한달 간 실내 조도가 '낮음' 상태(100lx 미만)였던 시간이 총 604 시간으로 확인되었습니다.
실내 조도가 '낮음' 상태로 지속되면 아침 활동을 위한 충분한 밝기를 확보하기 어렵습니다. 이로 인해 눈의 피로가 누적되고 일상 활동에 지장을 줄 수 있습니다. 특히 노인의 경우, 낮은 조도는 낙상 위험을 증가시키므로 주의가 필요합니다.
자연광을 최대한 활용하여 실내 조도를 확보하는 것이 좋습니다. 창문을 통해 충분한 자연광이 들어올 수 있도록 커튼이나 블라인드를 적절히 조절하고, 필요 시 인공 조명을 보완적으로 사용하시기 바랍니다. 또한, 아침 시간대는 활동성이 높아지는 시간이므로, 이때 조도를 더욱 신경 쓰는 것이 좋습니다. 낮 시간대에는 최소 300~500lx의 조도를 유지하도록 노력하시고, 야간에는 최소한의 안전조명을 확보하여 낙상 위험을 줄이는 것이 중요합니다."
"<실내 온도> (겨울)22~24
(여름)26~28((겨울)22~24
(여름)26~28)에 해당한 횟수가 65회
	- 참고 사항: 쾌적 건강 유지, - 65세 이상은 체온 유지 기능이 떨어지므로, 실내온도는 22–24℃ 정도로 충분히 따뜻하게 유지
- 한파 시에는 실내온도 24℃ 이상 유지 권장
- 여름철 실내 냉방온도는 26~28℃가 적당","<참고 문서>
context 0) 적정 실내 온도: 겨울 22–24℃, 여름 26–28℃.
context 1) 온도 변화는 심혈관·면역·호흡기에 영향.
context 2) 계절별 난방·냉방 관리 및 실내외 온도차 조절 필요.
","- 지난 한달 간 실내 온도가 겨울철 적정 범위(22~24℃)와 여름철 적정 범위(26~28℃)에 해당한 시간이 총 65 시간으로 확인되었습니다.
실내 온도가 적정 범위(겨울 22~24℃, 여름 26~28℃)를 유지한 것은 쾌적하고 건강한 환경을 제공하는데 도움이 됩니다. 특히 65세 이상의 어르신들은 체온 유지 기능이 떨어지므로, 실내 온도를 22~24℃로 유지하는 것이 좋습니다.
한파 시에는 실내 온도를 24℃ 이상으로 유지하여 저체온증을 예방하고, 여름철에는 실내 냉방 온도를 26~28℃로 설정하여 에너지 효율성을 높이고 쾌적한 환경을 유지하는 것이 좋습니다. 
계절별로 난방과 냉방을 적절히 관리하고, 실내외 온도 차이를 최소화하여 심혈관, 면역, 호흡기 건강을 보호하는 것이 중요합니다."
"<실내 조도> 500lx 초과(500lx 초과)에 해당한 횟수가 268회
	- 참고 사항: 과도한 밝기로 인한 눈 피로, - 빛이 너무 밝으면 눈의 피로 유발
- 눈을 피로하게 하는 환경에 자주 노출되면 백내장과 황반변성 유발 가능
- 커튼이나 블라인드를 활용하여 자연광 조절
- 간접조명 활용 권장","<참고 문서>
context 0) 노인의 적정 조도: 낮 300~500lx, 야간은 최소 안전조명.
context 1) 과도한 밝기는 수면 방해, 낮은 밝기는 낙상 위험.
context 2) 자연광 활용 및 간접조명 조절 필요.
","- 최근 한달 간 실내 조도가 '높음' 상태(500~1,000lx)였던 시간이 총 268 시간으로 확인되었습니다.
실내 조도가 과도하게 높은 상태로 지속되면 눈의 피로가 증가하고, 장기간 노출될 경우 백내장이나 황반변성을 유발할 수 있습니다. 따라서 커튼이나 블라인드를 활용하여 자연광을 적절히 조절하고, 간접조명을 활용하여 조도를 낮추는 것이 좋습니다.
특히, 노인의 경우 낮 시간대의 적정 조도는 300~500lx이므로, 과도한 밝기를 피하기 위해 조명을 조절하거나 창문을 부분적으로 차단하는 것이 좋습니다. 또한, 과도한 밝기는 수면을 방해할 수 있으므로, 취침 시간에는 조도를 낮추어 편안한 수면 환경을 만들어 주세요."
"<실내 조도> 500lx 초과(500lx 초과)에 해당한 횟수가 367회
	- 참고 사항: 과도한 밝기로 인한 눈 피로, - 빛이 너무 밝으면 눈의 피로 유발
- 눈을 피로하게 하는 환경에 자주 노출되면 백내장과 황반변성 유발 가능
- 커튼이나 블라인드를 활용하여 자연광 조절
- 간접조명 활용 권장","<참고 문서>
context 0) 노인의 적정 조도: 낮 300~500lx, 야간은 최소 안전조명.
context 1) 과도한 밝기는 수면 방해, 낮은 밝기는 낙상 위험.
context 2) 자연광 활용 및 간접조명 조절 필요.
","- 최근 한달 간 실내 조도가 '높음' 상태(500~1,000lx)였던 시간이 총 367 시간으로 확인되었습니다. 
실내 조도가 '높음' 상태로 지속되는 것은 과도한 밝기로 인해 눈의 피로를 유발할 수 있습니다. 이로 인해 장시간 눈을 피로하게 하는 환경에 노출되면 백내장이나 황반변성이 발생할 위험이 있으므로, 조도를 적절히 조절하는 것이 중요합니다. 
커튼이나 블라인드를 활용하여 자연광을 조절하고, 간접조명을 활용하여 과도한 밝기를 줄이는 것이 좋습니다. 특히 노인의 경우 낮 시간대의 적정 조도는 300~500lx이므로, 이 범위를 유지하는 것이 좋으며, 야간에는 최소한의 안전조명만 유지하는 것이 낙상 위험을 줄이는 데 도움이 됩니다. 
또한, 과도한 밝기는 수면을 방해할 수 있으므로, 취침 전에는 조도를 낮추어 편안한 수면 환경을 만들어 주는 것이 좋습니다."
"<실내 조도> 100lx 미만(100lx 미만)에 해당한 횟수가 535회
	- 참고 사항: 아침 활동을 위한 충분한 밝기 부족, - 아침 시간대는 활동성이 높아지는 시간으로 충분한 조도가 필요
- 너무 어두우면 눈의 피로 유발 및 일상 활동에 지장
- 자연광을 최대한 활용하여 실내 조도 확보 권장
- 조도가 낮으면 시야 확보에 어려움이 생기고 낙상 등 상황 발생 가능성 커짐","<참고 문서>
context 0) 노인의 적정 조도: 낮 300~500lx, 야간은 최소 안전조명.
context 1) 과도한 밝기는 수면 방해, 낮은 밝기는 낙상 위험.
context 2) 자연광 활용 및 간접조명 조절 필요.
","- 최근 한달 간 실내 조도가 '낮음' 상태(< 100lx)였던 시간이 총 535 시간으로 확인되었습니다.
실내 조도가 '낮음' 상태로 지속되면 눈의 피로와 일상 활동에 지장을 줄 수 있습니다. 특히 아침 시간대는 활동성이 높아지는 시간으로, 충분한 조도가 필요하므로 자연광을 최대한 활용하거나 인공 조명을 적절히 사용하여 조도를 높이는 것이 좋습니다.
또한, 낮은 조도는 시야 확보에 어려움을 초래하여 낙상 등의 위험을 증가시키므로, 실내 조도를 적정 범위(300~500lx)로 유지하는 것이 중요합니다. 이를 위해서는 창문을 통해 자연광을 최대한 받아들이고, 필요 시 간접조명을 활용하여 조도를 조절하는 것이 효과적입니다.
마지막으로, 과도한 밝기는 수면을 방해할 수 있으므로, 야간에는 최소한의 안전조명을 유지하면서 적절한 밝기를 보장하는 것이 좋습니다."
"<실내 온도> 미만(미만)에 해당한 횟수가 637회
	- 참고 사항: 겨울:한파관련 주의

여름:냉방기구 조정 필요, (겨울)
- 내복을 입는 것만으로도 약 2.4도의 보온효과 발생
- 실내에서는 두께가 있는 가디건을 입는 것이 효과적
- 온도가 낮은 이른 아침의 무리한 신체활동은 혈압이 상승하거나 심뇌혈관질환이 악화될 가능성이 있음
- 추운날씨에는 술과 카페인 음료는 체온을 급격하게 잃게할 수 있음. 따뜻한 물이나 단맛의 음료를 마시는것은 체온 유지에 도움이 됨
- 땀흘리는 심한 운동은 그렇지 않았을 때보다 빠른 속도로 체온이 감소되므로 삼가는 것이 좋음
- 신체에 오한이 드는 경우 목도리와 모자 착용 권장

(여름)
- 에어컨 직풍을 피하고 적정 온도(24-26도)로 설정하여 과도한 냉방 방지
- 실내외 온도차가 7도 이상 나지 않도록 주의하여 냉방병 예방","<참고 문서>
context 0) 적정 실내 온도: 겨울 22–24℃, 여름 26–28℃.
context 1) 온도 변화는 심혈관·면역·호흡기에 영향.
context 2) 계절별 난방·냉방 관리 및 실내외 온도차 조절 필요.
","- 최근 한달 간 실내 온도가 '정상' 범위(15~28℃)보다 '낮음' 상태(< 15℃)였던 시간이 총 637 시간으로 확인되었습니다.
실내 온도가 '낮음' 상태로 지속되는 것은 저체온증이나 혈액 순환 문제를 유발할 수 있습니다. 특히 겨울철에는 한파 관련 주의가 필요하며, 실내 온도를 적정 범위(22-24℃)로 유지하기 위해 두꺼운 가디건이나 내복을 착용하는 것이 효과적입니다.
또한 이른 아침의 무리한 신체활동은 혈압 상승이나 심뇌혈관질환 악화의 위험이 있으므로 피하는 것이 좋습니다. 추운 날씨에는 술과 카페인 음료를 피하고 따뜻한 물이나 단맛이 나는 음료를 섭취하여 체온을 유지하는 것이 도움이 됩니다.
땀을 많이 흘리는 심한 운동은 체온이 빠르게 감소하므로 삼가는 것이 좋으며, 오한이 느껴지는 경우에는 목도리와 모자를 착용하여 체온을 유지하는 것이 좋습니다."
"<실내 이산화탄소 농도> 1,000ppm 이하(1,000ppm 이하)에 해당한 횟수가 629회","<참고 문서>
context 0) CO₂ 1,000ppm 초과 시 졸림·두통·집중력 저하 발생.
context 1) 노인에게는 인지 저하와 호흡기 악화 영향.
context 2) 환기·공기청정기 활용이 효과적.
","- 최근 한달 간 실내 이산화탄소 농도가 '정상' 범위(1,000 ppm 이하)에 해당한 시간이 총 629 시간으로 확인되었습니다.
실내 이산화탄소 농도가 '정상' 범위(1,000 ppm 이하)를 유지한 것은 졸음, 두통, 집중력 저하 등의 불편을 최소화하는 데 도움이 됩니다. 특히 노인의 경우 이산화탄소 농도가 높아지면 인지 저하와 호흡기 악화 등의 문제가 발생할 수 있으므로, 실내 공기질 관리가 중요합니다.
실내 이산화탄소 농도를 '정상' 범위(1,000 ppm 이하)로 유지하기 위해서는 주기적인 환기와 공기청정기 사용이 효과적입니다. 환기는 하루에 적어도 2-3회, 10-15분씩 실시하는 것이 좋으며, 공기청정기를 통해 미세먼지와 유해 물질을 제거할 수 있습니다. 또한, 실내에서 많은 사람이 모이는 시간이나 요리를 할 때는 이산화탄소 농도가 급격히 상승할 수 있으므로, 이러한 시간대에 특별히 주의를 기울여 환기를 실시하는 것이 좋습니다."
"<실내 조도> 100lx 미만(100lx 미만)에 해당한 횟수가 598회
	- 참고 사항: 아침 활동을 위한 충분한 밝기 부족, - 아침 시간대는 활동성이 높아지는 시간으로 충분한 조도가 필요
- 너무 어두우면 눈의 피로 유발 및 일상 활동에 지장
- 자연광을 최대한 활용하여 실내 조도 확보 권장
- 조도가 낮으면 시야 확보에 어려움이 생기고 낙상 등 상황 발생 가능성 커짐","<참고 문서>
context 0) 노인의 적정 조도: 낮 300~500lx, 야간은 최소 안전조명.
context 1) 과도한 밝기는 수면 방해, 낮은 밝기는 낙상 위험.
context 2) 자연광 활용 및 간접조명 조절 필요.
","- 최근 한달 간 실내 조도가 '낮음' 상태(< 100lx)였던 시간이 총 598 시간으로 확인되었습니다.
실내 조도가 '낮음' 상태로 지속되면 아침 활동에 필요한 충분한 밝기를 확보하지 못하여 일상 활동에 지장을 줄 수 있습니다. 또한, 눈의 피로가 누적되고 시야 확보에 어려움이 생겨 낙상 등의 위험도 증가할 수 있습니다.
따라서 아침 시간대에는 자연광을 최대한 활용하여 실내 조도를 높이는 것이 좋습니다. 창문을 열어 자연광이 들어올 수 있도록 하고, 필요하다면 인공 조명을 추가로 사용하여 적정 조도(300~500lx)를 유지하도록 하세요. 특히 노인의 경우에는 낮은 조도가 낙상 위험을 높일 수 있으므로, 안전을 위해 충분한 조도를 확보하는 것이 중요합니다. 야간에는 최소한의 안전조명을 유지하여 수면 방해를 최소화하면서 안전을 지키도록 하세요."
"<실내 조도> 0lx (완전 암흑)(0lx (완전 암흑))에 해당한 횟수가 403회
	- 참고 사항: 완전 암흑으로 인한 안전사고 위험, - 완전한 어둠은 낙상 및 안전사고 위험 증가
- 최소한의 안전조명 필요
- 야간 보행로나 계단 등에는 센서등 설치 권장","<참고 문서>
context 0) 노인의 적정 조도: 낮 300~500lx, 야간은 최소 안전조명.
context 1) 과도한 밝기는 수면 방해, 낮은 밝기는 낙상 위험.
context 2) 자연광 활용 및 간접조명 조절 필요.
","- 지난 한달 간 실내 조도가 '완전 암흑' 상태(0lx)였던 시간이 총 403 시간으로 확인되었습니다. 
실내 조도가 '완전 암흑' 상태로 지속되면 낙상 및 안전사고 위험이 증가하기 때문에, 최소한의 안전조명을 설치하는 것이 중요합니다. 특히 야간 보행로나 계단 등에는 센서등을 설치하여 안전을 확보하는 것이 좋습니다. 
또한, 노인의 경우 야간에 최소한의 안전조명이 필요하며, 낮 시간대에는 적정 조도(300~500lx)를 유지하는 것이 좋습니다. 자연광을 최대한 활용하고, 간접조명을 적절히 조절하여 실내 조도를 적정 수준으로 유지하는 것이 낙상 위험을 줄이는 데 도움이 됩니다."
"<실내 온도> 초과(초과)에 해당한 횟수가 158회
	- 참고 사항: 여름
▼
온열질환
주의, (여름)
- 집안 창문에 직사광선을 차단할 수 있도록 커튼이나 천, 필름 등 설치
- 탈수를 유발하는 카페인이 들어간 음료나 주류보다는 생수나 이온음료 마시는 것이 좋음
- 하루 중 오후 12시~5시 사이 야외활동은 피하는 것을 권장
- 열발진(땀띠)이 생긴 경우, 파우더 등을 사용하여 열발진 부위를 건조하게 유지

(겨울)
- 난방기구 직접적인 열을 피하고 적정 온도(18-22도)로 설정하여 과도한 난방 방지
- 실내외 온도차가 10도 이상 나지 않도록 주의하여 감기나 호흡기 질환 예방","<참고 문서>
context 0) 적정 실내 온도: 겨울 22–24℃, 여름 26–28℃.
context 1) 온도 변화는 심혈관·면역·호흡기에 영향.
context 2) 계절별 난방·냉방 관리 및 실내외 온도차 조절 필요.
","- 최근 한달 간 실내 온도가 '정상' 범위(15~28℃)를 벗어나 '높음' 상태(28~33℃)였던 시간이 총 158 시간으로 확인되었습니다.
실내 온도가 '높음' 상태로 지속되는 것은 여름철 직사광선과 복사열이 주요 원인일 수 있습니다. 이로 인해 온열질환 위험이 증가하므로, 창문에 커튼이나 차광 필름을 설치하여 직사광선을 차단하시기 바랍니다. 
또한 냉방기구의 온도 설정을 여름철 적정 온도(26~28℃)로 조절하고, 탈수 방지를 위해 카페인이 들어간 음료나 주류보다는 생수나 이온음료를 섭취하는 것이 좋습니다. 
특히 오후 12시부터 5시까지는 실내 온도가 가장 높아지는 시간대이므로 야외활동을 피하고 실내에서 충분한 수분을 섭취하시길 권장합니다. 
열발진(땀띠)이 생긴 경우, 파우더 등을 사용하여 열발진 부위를 건조하게 유지하는 것이 좋으며, 온도 변화가 심혈관, 면역, 호흡기에 미치는 영향을 고려하여 실내외 온도 차이를 10도 이내로 유지하는 것이 좋습니다."
"<실내 조도> 500lx 초과(500lx 초과)에 해당한 횟수가 253회
	- 참고 사항: 과도한 밝기로 인한 눈 피로, - 빛이 너무 밝으면 눈의 피로 유발
- 눈을 피로하게 하는 환경에 자주 노출되면 백내장과 황반변성 유발 가능
- 커튼이나 블라인드를 활용하여 자연광 조절
- 간접조명 활용 권장","<참고 문서>
context 0) 노인의 적정 조도: 낮 300~500lx, 야간은 최소 안전조명.
context 1) 과도한 밝기는 수면 방해, 낮은 밝기는 낙상 위험.
context 2) 자연광 활용 및 간접조명 조절 필요.
","- 최근 한달 간 실내 조도가 '높음' 상태(500~1,000lx)였던 시간이 총 253 시간으로 확인되었습니다.
실내 조도가 '높음' 상태로 지속되는 것은 과도한 밝기로 인해 눈의 피로를 유발할 수 있습니다. 이는 장기적으로 백내장이나 황반변성을 유발할 위험이 있으므로, 조도를 적정 수준으로 유지하는 것이 중요합니다.
커튼이나 블라인드를 활용하여 자연광을 조절하거나, 간접조명을 활용하여 눈의 피로를 줄이는 것이 좋습니다. 특히 낮 시간대에는 조도를 300~500lx로 유지하여 쾌적한 환경을 만들고, 야간에는 최소한의 안전조명만을 사용하여 수면을 방해하지 않도록 하는 것이 좋습니다.
또한, 낮은 밝기는 낙상 위험을 증가시키므로, 적정 조도를 유지하는 것이 안전에도 도움이 됩니다. 실내 조도를 적절히 관리하여 눈 건강과 안전을 유지하시기 바랍니다."
"<실내 온도> 초과(초과)에 해당한 횟수가 697회
	- 참고 사항: 여름
▼
온열질환
주의, (여름)
- 집안 창문에 직사광선을 차단할 수 있도록 커튼이나 천, 필름 등 설치
- 탈수를 유발하는 카페인이 들어간 음료나 주류보다는 생수나 이온음료 마시는 것이 좋음
- 하루 중 오후 12시~5시 사이 야외활동은 피하는 것을 권장
- 열발진(땀띠)이 생긴 경우, 파우더 등을 사용하여 열발진 부위를 건조하게 유지

(겨울)
- 난방기구 직접적인 열을 피하고 적정 온도(18-22도)로 설정하여 과도한 난방 방지
- 실내외 온도차가 10도 이상 나지 않도록 주의하여 감기나 호흡기 질환 예방","<참고 문서>
context 0) 적정 실내 온도: 겨울 22–24℃, 여름 26–28℃.
context 1) 온도 변화는 심혈관·면역·호흡기에 영향.
context 2) 계절별 난방·냉방 관리 및 실내외 온도차 조절 필요.
","- 최근 한달 간 실내 온도가 '정상' 범위(15~28℃)를 벗어나 '높음' 상태(28℃ 초과)였던 시간이 총 697 시간으로 확인되었습니다.
실내 온도가 '높음' 상태로 지속되는 것은 여름철 특유의 고온 환경과 직사광선, 복사열이 주요 원인일 수 있습니다. 이로 인해 온열질환 위험이 증가하므로, 창문에 커튼이나 차광 필름을 설치하여 직사광선을 차단하시기 바랍니다.
또한 냉방기구의 온도 설정을 '적정' 범위(26~28℃) 내로 조절하고, 탈수 방지를 위해 카페인이 들어간 음료나 주류보다는 생수나 이온음료를 섭취하는 것이 좋습니다. 특히 오후 12시부터 5시까지는 실내 온도가 가장 높아지는 시간대이므로 야외활동을 피하고 실내에서 충분한 수분을 섭취하시길 권장합니다.
마지막으로, 실내외 온도 차이가 크면 심혈관, 면역, 호흡기 건강에 부정적인 영향을 미칠 수 있으므로, 실내외 온도 차이가 10도 이상 나지 않도록 주의하시기 바랍니다."
"<실내 조도> 500lx 초과(500lx 초과)에 해당한 횟수가 644회
	- 참고 사항: 과도한 밝기로 인한 눈 피로, - 빛이 너무 밝으면 눈의 피로 유발
- 눈을 피로하게 하는 환경에 자주 노출되면 백내장과 황반변성 유발 가능
- 커튼이나 블라인드를 활용하여 자연광 조절
- 간접조명 활용 권장","<참고 문서>
context 0) 노인의 적정 조도: 낮 300~500lx, 야간은 최소 안전조명.
context 1) 과도한 밝기는 수면 방해, 낮은 밝기는 낙상 위험.
context 2) 자연광 활용 및 간접조명 조절 필요.
","- 최근 한달 간 실내 조도가 '높음' 상태(500lx 초과)였던 시간이 총 644 시간으로 확인되었습니다.
실내 조도가 '높음' 상태로 지속되는 것은 과도한 밝기로 인해 눈의 피로를 유발할 수 있습니다. 이는 장기적으로 백내장이나 황반변성을 유발할 위험이 있으므로, 조도를 적정 범위(300~500lx)로 유지하는 것이 좋습니다.
커튼이나 블라인드를 활용하여 자연광을 조절하고, 간접조명을 활용하여 과도한 밝기를 줄이는 것이 효과적입니다. 또한, 과도한 밝기는 수면을 방해할 수 있으므로, 취침 시간에는 조도를 낮추어 편안한 수면 환경을 만들어 주세요."
"<실내 습도> 60% 초과(60% 초과)에 해당한 횟수가 420회
	- 참고 사항: 곰팡이/세균/진드기 번식, 결로, - 습도가 60% 이상이 되는 경우 실내 곰팡이가 증식할 수 있음
- 환기를 통해 욕실 등 습기 발생원의 습기를 실외로 배출","<참고 문서>
context 0) 적정 실내 습도는 40~60%.
context 1) 건조 시 호흡기 건조·염증, 과습 시 곰팡이·감염 증가.
context 2) 환기 및 가습/제습 유지 필요.
","- 지난 한달 간 실내 습도가 '높음' 상태(60% 초과)였던 시간이 총 420 시간으로 확인되었습니다.
실내 습도가 60%를 초과하면 곰팡이, 세균, 진드기 등의 번식이 증가하며, 이로 인해 결로 현상과 호흡기 질환의 위험이 높아질 수 있습니다. 따라서 실내 습도를 적정 범위(40~60%) 내로 유지하기 위해 주기적인 환기를 실시하는 것이 중요합니다.
특히, 욕실이나 주방 등 습기가 많이 발생하는 장소에서는 환기 팬을 사용하여 습기를 실외로 배출하는 것이 효과적입니다. 또한, 제습기를 활용하여 습도를 조절하거나, 실내에 흡습 효과가 있는 물건들을 배치하는 것도 좋은 방법입니다. 
적정 습도를 유지하면 곰팡이와 세균의 증식을 방지하고, 쾌적한 실내 환경을 조성할 수 있습니다."
"<실내 온도> 미만(미만)에 해당한 횟수가 617회
	- 참고 사항: 겨울:한파관련 주의

여름:냉방기구 조정 필요, (겨울)
- 내복을 입는 것만으로도 약 2.4도의 보온효과 발생
- 실내에서는 두께가 있는 가디건을 입는 것이 효과적
- 온도가 낮은 이른 아침의 무리한 신체활동은 혈압이 상승하거나 심뇌혈관질환이 악화될 가능성이 있음
- 추운날씨에는 술과 카페인 음료는 체온을 급격하게 잃게할 수 있음. 따뜻한 물이나 단맛의 음료를 마시는것은 체온 유지에 도움이 됨
- 땀흘리는 심한 운동은 그렇지 않았을 때보다 빠른 속도로 체온이 감소되므로 삼가는 것이 좋음
- 신체에 오한이 드는 경우 목도리와 모자 착용 권장

(여름)
- 에어컨 직풍을 피하고 적정 온도(24-26도)로 설정하여 과도한 냉방 방지
- 실내외 온도차가 7도 이상 나지 않도록 주의하여 냉방병 예방","<참고 문서>
context 0) 적정 실내 온도: 겨울 22–24℃, 여름 26–28℃.
context 1) 온도 변화는 심혈관·면역·호흡기에 영향.
context 2) 계절별 난방·냉방 관리 및 실내외 온도차 조절 필요.
","- 최근 한달 간 실내 온도가 '낮음' 상태(< 15℃)였던 시간이 총 617 시간으로 확인되었습니다.
실내 온도가 '낮음' 상태로 지속되는 것은 저체온증이나 혈액 순환 문제를 유발할 수 있습니다. 특히 겨울철에는 한파 관련 주의가 필요하며, 실내에서는 두께가 있는 가디건을 입는 것이 효과적입니다. 
또한 내복을 입는 것만으로도 약 2.4도의 보온 효과가 있으므로, 이를 활용하여 체온을 유지하는 것이 좋습니다. 이른 아침의 무리한 신체활동은 혈압 상승이나 심뇌혈관질환 악화의 위험이 있으므로 피하는 것이 좋습니다.
추운 날씨에는 술과 카페인 음료는 체온을 급격하게 잃게 할 수 있으므로, 따뜻한 물이나 단맛의 음료를 섭취하여 체온을 유지하는 것이 좋습니다. 또한 땀을 많이 흘리는 심한 운동은 체온이 빠르게 감소하므로 삼가는 것이 좋으며, 신체에 오한이 느껴질 경우 목도리와 모자를 착용하여 체온을 유지하는 것이 좋습니다."
"<실내 조도> 0lx (완전 암흑)(0lx (완전 암흑))에 해당한 횟수가 150회
	- 참고 사항: 완전 암흑으로 인한 안전사고 위험, - 완전한 어둠은 낙상 및 안전사고 위험 증가
- 최소한의 안전조명 필요
- 야간 보행로나 계단 등에는 센서등 설치 권장","<참고 문서>
context 0) 노인의 적정 조도: 낮 300~500lx, 야간은 최소 안전조명.
context 1) 과도한 밝기는 수면 방해, 낮은 밝기는 낙상 위험.
context 2) 자연광 활용 및 간접조명 조절 필요.
","- 최근 한달 간 실내 조도가 '완전 암흑' 상태(0lx)였던 시간이 총 150 시간으로 확인되었습니다.
실내 조도가 '완전 암흑' 상태로 지속되는 것은 낙상 및 안전사고 위험을 크게 증가시키며, 특히 노인의 경우 이러한 위험이 더욱 크습니다. 따라서 실내에서 최소한의 안전조명을 유지하는 것이 중요합니다. 
야간 보행로나 계단 등에 센서등을 설치하여 어두운 환경에서도 안전을 확보할 수 있도록 하세요. 또한, 낮에는 자연광을 최대한 활용하고, 필요 시 간접조명을 통해 적정 조도(300~500lx)를 유지하는 것이 좋습니다. 
이렇게 하면 낙상 위험을 줄이고 안전한 주거 환경을 만들 수 있습니다."
"<실내 이산화탄소 농도> 1,000ppm 이하(1,000ppm 이하)에 해당한 횟수가 719회","<참고 문서>
context 0) CO₂ 1,000ppm 초과 시 졸림·두통·집중력 저하 발생.
context 1) 노인에게는 인지 저하와 호흡기 악화 영향.
context 2) 환기·공기청정기 활용이 효과적.
","- 최근 한달 간 실내 이산화탄소 농도가 '정상' 상태(1,000 ppm 이하)였던 시간이 총 719 시간으로 확인되었습니다.
실내 이산화탄소 농도가 '정상' 상태로 유지된 것은 졸음, 두통, 집중력 저하 등의 불편을 최소화하는 데 도움이 됩니다. 이는 특히 노인들에게 인지 저하와 호흡기 문제를 예방하는 데도 중요합니다.
실내 이산화탄소 농도를 '정상' 상태로 유지하기 위해서는 주기적인 환기가 필요합니다. 환기를 통해 실내 공기의 신선도를 유지하고, 외부 공기와의 교환을 촉진시키는 것이 좋습니다. 또한 공기청정기를 사용하여 실내 공기의 질을 더욱 향상시키는 것도 효과적입니다. 이러한 방법들을 통해 실내 환경을 쾌적하게 유지하고 건강한 생활을 할 수 있습니다."
"<실내 습도> 40% 미만(40% 미만)에 해당한 횟수가 139회
	- 참고 사항: 호흡기/피부 건조, 감염위험 ↑, - 코와 기관지 점막이 마르고, 피부와 눈이 건조해 호흡기 질환이나 알레르기 질환 등을 유발할 수 있음
- 통풍이 잘 되는 공간에서 젖은 빨래(수건) 널기, 물 떠놓기, 화분이나 수경 식물 기르기를 통해 실내 습도 적정기준에 맞게 유지 권장","<참고 문서>
context 0) 적정 실내 습도는 40~60%.
context 1) 건조 시 호흡기 건조·염증, 과습 시 곰팡이·감염 증가.
context 2) 환기 및 가습/제습 유지 필요.
","- 지난 한달 간 실내 습도가 '낮음' 상태(40% 미만)였던 시간이 총 139 시간으로 확인되었습니다.
실내 습도가 '낮음' 상태로 지속되면 코와 기관지 점막이 마르고, 피부와 눈이 건조해져 호흡기 질환이나 알레르기 질환을 유발할 위험이 있습니다. 따라서 실내 습도를 적정 범위(40~60%)로 유지하기 위해 다양한 방법을 적용하는 것이 중요합니다.
통풍이 잘 되는 공간에서 젖은 빨래나 수건을 널거나, 물을 떠놓는 방법으로 습도를 높일 수 있습니다. 또한, 화분이나 수경 식물을 기르는 것도 효과적입니다. 이러한 방법들은 실내 공기의 습도를 자연스럽게 높여주어 건강한 환경을 조성하는 데 도움이 됩니다.
특히 겨울철이나 난방 시에는 실내 공기가 더욱 건조해지므로, 가습기 사용을 고려해 보는 것도 좋습니다. 가습기는 일정한 습도를 유지하는 데 효과적이며, 호흡기와 피부 건강을 지키는 데 큰 도움이 됩니다."
"<실내 이산화탄소 농도> 1,000 ppm 초과(1,000 ppm 초과)에 해당한 횟수가 408회
	- 참고 사항: - 농도가 높아지면 졸림, 집중력 저하, 호흡곤란, 어지럼증, 피로/졸림현상, 두통 및 어깨결림 유발
- 새벽이나 이른아침 미세먼지 농도가 낮은 편으로 오전 10시 전에 환기하는 것이 효과적","<참고 문서>
context 0) CO₂ 1,000ppm 초과 시 졸림·두통·집중력 저하 발생.
context 1) 노인에게는 인지 저하와 호흡기 악화 영향.
context 2) 환기·공기청정기 활용이 효과적.
","- 최근 한달 간 실내 이산화탄소 농도가 '높음' 상태(1,000 ppm 초과)였던 시간이 총 408 시간으로 확인되었습니다.
실내 이산화탄소 농도가 높은 상태로 지속되면 졸림, 집중력 저하, 호흡곤란, 어지럼증, 피로, 두통, 어깨결림 등의 증상이 유발될 수 있습니다. 특히 노인의 경우 인지 저하와 호흡기 악화 등의 영향을 더 크게 받을 수 있으므로 주의가 필요합니다.
이런 증상을 예방하기 위해서는 실내 환기가 중요합니다. 새벽이나 이른 아침에 미세먼지 농도가 낮은 시간대인 오전 10시 전에 환기를 실시하는 것이 효과적입니다. 또한 공기청정기를 활용하여 실내 공기 질을 개선하는 것도 좋은 방법입니다. 실내 인원이 많거나 요리를 할 때는 특히 이산화탄소 농도가 급격히 상승할 수 있으므로 이때도 꼭 환기를 실시하시기 바랍니다."
"<실내 온도> (겨울)22~24
(여름)26~28((겨울)22~24
(여름)26~28)에 해당한 횟수가 377회
	- 참고 사항: 쾌적 건강 유지, - 65세 이상은 체온 유지 기능이 떨어지므로, 실내온도는 22–24℃ 정도로 충분히 따뜻하게 유지
- 한파 시에는 실내온도 24℃ 이상 유지 권장
- 여름철 실내 냉방온도는 26~28℃가 적당","<참고 문서>
context 0) 적정 실내 온도: 겨울 22–24℃, 여름 26–28℃.
context 1) 온도 변화는 심혈관·면역·호흡기에 영향.
context 2) 계절별 난방·냉방 관리 및 실내외 온도차 조절 필요.
","- 지난 한달 간 실내 온도가 '적정' 범위(겨울 22~24℃, 여름 26~28℃)에 해당한 시간이 총 377 시간으로 확인되었습니다.
실내 온도가 '적정' 범위를 유지한 것은 쾌적한 환경과 건강 유지에 도움이 됩니다. 특히 65세 이상 어르신의 경우 체온 유지 기능이 떨어지므로, 실내 온도를 22~24℃로 유지하는 것이 좋습니다.
한파 시에는 실내 온도를 24℃ 이상으로 유지하여 저체온증을 예방하고, 여름철 냉방 온도는 26~28℃로 설정하여 에너지 효율과 쾌적성을 극대화할 수 있습니다. 
계절별로 난방과 냉방을 적절히 관리하고, 실내외 온도 차이를 최소화하여 심혈관, 면역, 호흡기 건강을 유지하는 것이 중요합니다."
"<실내 습도> 40% 미만(40% 미만)에 해당한 횟수가 308회
	- 참고 사항: 호흡기/피부 건조, 감염위험 ↑, - 코와 기관지 점막이 마르고, 피부와 눈이 건조해 호흡기 질환이나 알레르기 질환 등을 유발할 수 있음
- 통풍이 잘 되는 공간에서 젖은 빨래(수건) 널기, 물 떠놓기, 화분이나 수경 식물 기르기를 통해 실내 습도 적정기준에 맞게 유지 권장","<참고 문서>
context 0) 적정 실내 습도는 40~60%.
context 1) 건조 시 호흡기 건조·염증, 과습 시 곰팡이·감염 증가.
context 2) 환기 및 가습/제습 유지 필요.
","- 지난 한달 간 실내 습도가 '낮음' 상태(40% 미만)였던 시간이 총 308 시간으로 확인되었습니다.
실내 습도가 '낮음' 상태로 지속되면 코와 기관지 점막이 마르고, 피부와 눈이 건조해져 호흡기 질환이나 알레르기 질환 등의 위험이 증가할 수 있습니다. 따라서 실내 습도를 적정 범위(40~60%)로 유지하기 위해 통풍이 잘 되는 공간에서 젖은 빨래나 수건을 널거나, 물을 떠놓는 것이 좋습니다.
또한 화분이나 수경 식물을 기르는 것도 실내 습도를 효과적으로 유지하는 방법입니다. 이와 함께 가습기를 사용하여 습도를 조절하는 것도 효과적입니다. 이러한 방법들을 통해 실내 습도를 적정 범위로 유지하면 호흡기와 피부 건강을 보호할 수 있습니다."
"<실내 습도> 40% 미만(40% 미만)에 해당한 횟수가 390회
	- 참고 사항: 호흡기/피부 건조, 감염위험 ↑, - 코와 기관지 점막이 마르고, 피부와 눈이 건조해 호흡기 질환이나 알레르기 질환 등을 유발할 수 있음
- 통풍이 잘 되는 공간에서 젖은 빨래(수건) 널기, 물 떠놓기, 화분이나 수경 식물 기르기를 통해 실내 습도 적정기준에 맞게 유지 권장","<참고 문서>
context 0) 적정 실내 습도는 40~60%.
context 1) 건조 시 호흡기 건조·염증, 과습 시 곰팡이·감염 증가.
context 2) 환기 및 가습/제습 유지 필요.
","- 최근 한달 간 실내 습도가 '낮음' 상태(40% 미만)였던 시간이 총 390 시간으로 확인되었습니다.
실내 습도가 '낮음' 상태로 지속되면 코와 기관지 점막이 마르고, 피부와 눈이 건조해져 호흡기 질환이나 알레르기 질환 등의 위험이 증가합니다. 따라서 실내 습도를 적정 범위(40~60%)로 유지하기 위해 통풍이 잘 되는 공간에서 젖은 빨래나 수건을 널거나, 물을 떠놓는 것이 좋습니다.
또한 화분이나 수경 식물을 기르는 것도 실내 습도를 효과적으로 유지하는 방법입니다. 이러한 방법들을 통해 실내 환경을 쾌적하게 유지하고, 건강한 호흡기와 피부를 보호할 수 있습니다."
"<실내 습도> 40% ~ 60%(40% ~ 60%)에 해당한 횟수가 373회
	- 참고 사항: 쾌적 건강 유지, - 가장 쾌적하게 느낄 수 있고 건강한 환경을 유지하기 위한 습도는 40~60%
- 적절한 실내 습도를 유지해야 호흡기 점막이 촉촉하게 유지되고 섬모가 활발하게 운동하여 호흡기·기관지 건강을 돕는다","<참고 문서>
context 0) 적정 실내 습도는 40~60%.
context 1) 건조 시 호흡기 건조·염증, 과습 시 곰팡이·감염 증가.
context 2) 환기 및 가습/제습 유지 필요.
","- 최근 한달 간 실내 습도가 '정상' 범위(40% ~ 60%)를 유지한 시간이 총 373 시간으로 확인되었습니다.
실내 습도가 '정상' 범위(40% ~ 60%)를 유지한 것은 호흡기 점막이 촉촉하게 유지되어 건강한 환경을 조성하는 데 도움이 됩니다. 이 범위는 가장 쾌적하게 느끼고 건강을 유지하기에 적합한 습도 범위이기 때문입니다.
습도가 적정 범위를 유지함으로써 호흡기 점막이 건조해지거나 염증이 생기는 것을 예방할 수 있으며, 곰팡이와 감염의 위험도 줄일 수 있습니다. 따라서 실내 환기를 꾸준히 하고, 필요에 따라 가습기나 제습기를 사용하여 습도를 유지하는 것이 좋습니다. 
습도를 적정 범위로 유지하는 것은 호흡기와 기관지 건강을 돕는 데 효과적이므로, 앞으로도 지속적으로 관리해 나가는 것이 좋습니다."
"<실내 습도> 40% 미만(40% 미만)에 해당한 횟수가 238회
	- 참고 사항: 호흡기/피부 건조, 감염위험 ↑, - 코와 기관지 점막이 마르고, 피부와 눈이 건조해 호흡기 질환이나 알레르기 질환 등을 유발할 수 있음
- 통풍이 잘 되는 공간에서 젖은 빨래(수건) 널기, 물 떠놓기, 화분이나 수경 식물 기르기를 통해 실내 습도 적정기준에 맞게 유지 권장","<참고 문서>
context 0) 적정 실내 습도는 40~60%.
context 1) 건조 시 호흡기 건조·염증, 과습 시 곰팡이·감염 증가.
context 2) 환기 및 가습/제습 유지 필요.
","- 최근 한달 간 실내 습도가 '낮음' 상태(40% 미만)였던 시간이 총 238 시간으로 확인되었습니다.
실내 습도가 '낮음' 상태로 지속되는 것은 코와 기관지 점막이 마르고, 피부와 눈이 건조해져 호흡기 질환이나 알레르기 질환 등의 위험을 증가시킬 수 있습니다. 
이러한 상태를 개선하기 위해서는 실내 습도를 적정 범위(40~60%)로 유지하는 것이 중요합니다. 이를 위해 통풍이 잘 되는 공간에서 젖은 빨래나 수건을 널거나, 물을 떠놓는 방법을 추천드립니다.
또한 화분이나 수경 식물을 기르는 것도 효과적인 가습 방법 중 하나입니다. 이러한 방법들을 통해 실내 습도를 적정 범위로 유지하면 호흡기 건강과 피부 건강을 보호할 수 있습니다. 
마지막으로, 가습기 사용 시 정기적으로 청소하여 세균이나 곰팡이 번식을 방지하는 것이 좋습니다."
"<실내 조도> 500lx 초과(500lx 초과)에 해당한 횟수가 178회
	- 참고 사항: 과도한 밝기로 인한 눈 피로, - 빛이 너무 밝으면 눈의 피로 유발
- 눈을 피로하게 하는 환경에 자주 노출되면 백내장과 황반변성 유발 가능
- 커튼이나 블라인드를 활용하여 자연광 조절
- 간접조명 활용 권장","<참고 문서>
context 0) 노인의 적정 조도: 낮 300~500lx, 야간은 최소 안전조명.
context 1) 과도한 밝기는 수면 방해, 낮은 밝기는 낙상 위험.
context 2) 자연광 활용 및 간접조명 조절 필요.
","- 최근 한달 간 실내 조도가 '높음' 상태(500~1,000lx)였던 시간이 총 178 시간으로 확인되었습니다. 
실내 조도가 '높음' 상태로 지속되는 것은 과도한 밝기로 인해 눈의 피로가 누적될 수 있습니다. 이는 장기적으로 백내장이나 황반변성을 유발할 위험이 있으므로, 커튼이나 블라인드를 활용하여 자연광을 적절히 조절하는 것이 좋습니다. 
또한 간접조명을 활용하여 과도한 밝기를 줄이고, 눈의 피로를 완화시키는 것이 좋습니다. 특히 노인의 경우 낮 시간대에는 300~500lx의 조도가 적정하므로, 이 범위를 유지하는 것이 좋습니다. 
과도한 밝기는 수면에도 방해가 될 수 있으므로, 야간에는 최소한의 안전조명을 유지하는 것이 좋습니다."
"<실내 온도> 미만(미만)에 해당한 횟수가 70회
	- 참고 사항: 겨울:한파관련 주의

여름:냉방기구 조정 필요, (겨울)
- 내복을 입는 것만으로도 약 2.4도의 보온효과 발생
- 실내에서는 두께가 있는 가디건을 입는 것이 효과적
- 온도가 낮은 이른 아침의 무리한 신체활동은 혈압이 상승하거나 심뇌혈관질환이 악화될 가능성이 있음
- 추운날씨에는 술과 카페인 음료는 체온을 급격하게 잃게할 수 있음. 따뜻한 물이나 단맛의 음료를 마시는것은 체온 유지에 도움이 됨
- 땀흘리는 심한 운동은 그렇지 않았을 때보다 빠른 속도로 체온이 감소되므로 삼가는 것이 좋음
- 신체에 오한이 드는 경우 목도리와 모자 착용 권장

(여름)
- 에어컨 직풍을 피하고 적정 온도(24-26도)로 설정하여 과도한 냉방 방지
- 실내외 온도차가 7도 이상 나지 않도록 주의하여 냉방병 예방","<참고 문서>
context 0) 적정 실내 온도: 겨울 22–24℃, 여름 26–28℃.
context 1) 온도 변화는 심혈관·면역·호흡기에 영향.
context 2) 계절별 난방·냉방 관리 및 실내외 온도차 조절 필요.
","- 최근 한달 간 실내 온도가 '정상' 범위(15~28℃)보다 '낮음' 상태(< 15℃)였던 시간이 총 70 시간으로 확인되었습니다.
실내 온도가 '낮음' 상태로 지속되는 것은 저체온증이나 혈액 순환 문제를 유발할 수 있습니다. 겨울철에는 특히 한파 관련 주의가 필요하며, 실내에서 두께가 있는 가디건을 입는 것이 효과적입니다.
또한 내복을 입는 것만으로도 약 2.4도의 보온효과가 있으므로, 이를 활용하여 체온을 유지하는 것이 좋습니다. 이른 아침에는 혈압 상승이나 심뇌혈관질환이 악화될 가능성이 있으므로 무리한 신체활동을 피하고, 따뜻한 물이나 단맛의 음료를 섭취하여 체온을 유지하는 것이 좋습니다.
추운 날씨에는 술과 카페인 음료는 체온을 급격하게 잃게 할 수 있으므로 피하고, 땀을 많이 흘리는 심한 운동도 삼가는 것이 좋습니다. 만약 신체에 오한이 드는 경우에는 목도리와 모자를 착용하여 체온을 유지하는 것이 도움이 됩니다."
"<실내 조도> 300lx 미만(300lx 미만)에 해당한 횟수가 610회
	- 참고 사항: 대낮 활동을 위한 조도 부족, - 대낮 시간대는 가장 활동성이 높은 시간으로 충분한 조도 필요
- 업무나 독서 등 정밀한 작업을 위한 적절한 밝기 부족
- 눈의 피로 및 집중력 저하 유발 가능
- 자연광 활용을 최우선으로 하되 부족 시 인공조명 보완","<참고 문서>
context 0) 노인의 적정 조도: 낮 300~500lx, 야간은 최소 안전조명.
context 1) 과도한 밝기는 수면 방해, 낮은 밝기는 낙상 위험.
context 2) 자연광 활용 및 간접조명 조절 필요.
","- 최근 한달 간 실내 조도가 '낮음' 상태(300lx 미만)였던 시간이 총 610 시간으로 확인되었습니다.
실내 조도가 '낮음' 상태로 지속되면 대낮 시간대에 활동성을 높이는 데 필요한 충분한 밝기를 확보하지 못하게 됩니다. 이로 인해 업무나 독서 등 정밀한 작업에 필요한 집중력이 저하되고, 눈의 피로가 누적될 수 있습니다.
자연광을 최우선으로 활용하여 실내 조도를 개선하는 것이 좋습니다. 창문을 통해 충분한 자연광이 들어올 수 있도록 커튼이나 블라인드를 적절히 조절하고, 필요할 경우 인공조명을 보완하여 적정 조도를 유지하도록 하세요.
특히 노인의 경우 낮 시간대에 300~500lx의 조도가 필요하므로, 이 범위를 유지하는 것이 낙상 위험을 줄이고 안전한 생활을 도울 것입니다. 또한, 야간에는 최소한의 안전조명을 확보하여 수면 방해를 최소화하도록 하세요."
"<실내 조도> 100lx 미만(100lx 미만)에 해당한 횟수가 699회
	- 참고 사항: 아침 활동을 위한 충분한 밝기 부족, - 아침 시간대는 활동성이 높아지는 시간으로 충분한 조도가 필요
- 너무 어두우면 눈의 피로 유발 및 일상 활동에 지장
- 자연광을 최대한 활용하여 실내 조도 확보 권장
- 조도가 낮으면 시야 확보에 어려움이 생기고 낙상 등 상황 발생 가능성 커짐","<참고 문서>
context 0) 노인의 적정 조도: 낮 300~500lx, 야간은 최소 안전조명.
context 1) 과도한 밝기는 수면 방해, 낮은 밝기는 낙상 위험.
context 2) 자연광 활용 및 간접조명 조절 필요.
","- 최근 한달 간 실내 조도가 '낮음' 상태(100lx 미만)였던 시간이 총 699 시간으로 확인되었습니다.
실내 조도가 지속적으로 낮은 상태인 것은 아침 활동에 필요한 충분한 밝기를 제공하지 못하고, 이로 인해 눈의 피로와 일상 활동에 지장을 줄 수 있습니다. 특히 노인의 경우, 낮은 조도는 낙상 위험을 증가시키므로, 아침 시간대에는 자연광을 최대한 활용하거나 인공 조명을 통해 적정 조도(300~500lx)를 유지하는 것이 중요합니다.
또한, 낮은 조도는 시야 확보에 어려움을 초래하여 안전 사고의 위험이 커집니다. 따라서, 창문을 통해 자연광을 최대한 받아들이거나, 필요 시 조명 스위치를 활용하여 실내 조도를 조절하는 것이 좋습니다. 야간에는 최소한의 안전 조명을 유지하여 낙상 위험을 줄이는 것이 중요하며, 과도한 밝기는 수면을 방해할 수 있으므로 주의가 필요합니다."
"<실내 조도> 100lx 미만(100lx 미만)에 해당한 횟수가 550회
	- 참고 사항: 아침 활동을 위한 충분한 밝기 부족, - 아침 시간대는 활동성이 높아지는 시간으로 충분한 조도가 필요
- 너무 어두우면 눈의 피로 유발 및 일상 활동에 지장
- 자연광을 최대한 활용하여 실내 조도 확보 권장
- 조도가 낮으면 시야 확보에 어려움이 생기고 낙상 등 상황 발생 가능성 커짐","<참고 문서>
context 0) 노인의 적정 조도: 낮 300~500lx, 야간은 최소 안전조명.
context 1) 과도한 밝기는 수면 방해, 낮은 밝기는 낙상 위험.
context 2) 자연광 활용 및 간접조명 조절 필요.
","- 최근 한달 간 실내 조도가 '낮음' 상태(100lx 미만)였던 시간이 총 550 시간으로 확인되었습니다.
실내 조도가 '낮음' 상태로 지속되는 것은 눈의 피로와 일상 활동에 지장을 줄 수 있습니다. 특히 아침 시간대는 활동성이 높아지는 시간으로 충분한 조도가 필요하기 때문에, 아침 활동을 위한 충분한 밝기를 확보해야 합니다.
자연광을 최대한 활용하여 실내 조도를 확보하는 것이 좋으며, 창문을 통해 햇빛이 잘 들어올 수 있도록 커튼이나 블라인드를 적절히 조절하시기 바랍니다. 또한, 실내 조명을 적절히 활용하여 시야 확보에 어려움이 없도록 하여 낙상 등의 위험을 줄이는 것이 중요합니다.
특히 노인의 경우, 낮 시간대에는 300~500lx의 적정 조도를 유지하는 것이 좋습니다. 이를 위해 자연광과 인공 조명을 적절히 혼합하여 사용하는 것이 효과적입니다. 야간에는 최소한의 안전조명을 유지하여 낙상 위험을 줄이는 것이 필요합니다."
"<실내 온도> 초과(초과)에 해당한 횟수가 106회
	- 참고 사항: 여름
▼
온열질환
주의, (여름)
- 집안 창문에 직사광선을 차단할 수 있도록 커튼이나 천, 필름 등 설치
- 탈수를 유발하는 카페인이 들어간 음료나 주류보다는 생수나 이온음료 마시는 것이 좋음
- 하루 중 오후 12시~5시 사이 야외활동은 피하는 것을 권장
- 열발진(땀띠)이 생긴 경우, 파우더 등을 사용하여 열발진 부위를 건조하게 유지

(겨울)
- 난방기구 직접적인 열을 피하고 적정 온도(18-22도)로 설정하여 과도한 난방 방지
- 실내외 온도차가 10도 이상 나지 않도록 주의하여 감기나 호흡기 질환 예방","<참고 문서>
context 0) 적정 실내 온도: 겨울 22–24℃, 여름 26–28℃.
context 1) 온도 변화는 심혈관·면역·호흡기에 영향.
context 2) 계절별 난방·냉방 관리 및 실내외 온도차 조절 필요.
","- 최근 한달 간 실내 온도가 '정상' 범위(15~28℃)를 벗어나 '높음' 상태(28~33℃)였던 시간이 총 106 시간으로 확인되었습니다.
실내 온도가 '높음' 상태로 지속되는 것은 여름철 직사광선과 복사열이 주요 원인일 수 있습니다. 이로 인해 온열질환 위험이 증가하므로, 창문에 커튼이나 차광 필름을 설치하여 직사광선을 차단하시기 바랍니다.
또한 냉방기구의 온도 설정을 여름철 적정 실내 온도(26~28℃) 내로 조절하고, 탈수 방지를 위해 카페인이 들어간 음료나 주류보다는 생수나 이온음료를 섭취하는 것이 좋습니다. 
특히 오후 12시부터 5시까지는 실내 온도가 가장 높아지는 시간대이므로 야외활동을 피하고 실내에서 충분한 수분을 섭취하시길 권장합니다. 
마지막으로, 열발진(땀띠)이 생긴 경우 파우더 등을 사용하여 열발진 부위를 건조하게 유지하는 것이 도움이 됩니다."
"<실내 온도> 초과(초과)에 해당한 횟수가 382회
	- 참고 사항: 여름
▼
온열질환
주의, (여름)
- 집안 창문에 직사광선을 차단할 수 있도록 커튼이나 천, 필름 등 설치
- 탈수를 유발하는 카페인이 들어간 음료나 주류보다는 생수나 이온음료 마시는 것이 좋음
- 하루 중 오후 12시~5시 사이 야외활동은 피하는 것을 권장
- 열발진(땀띠)이 생긴 경우, 파우더 등을 사용하여 열발진 부위를 건조하게 유지

(겨울)
- 난방기구 직접적인 열을 피하고 적정 온도(18-22도)로 설정하여 과도한 난방 방지
- 실내외 온도차가 10도 이상 나지 않도록 주의하여 감기나 호흡기 질환 예방","<참고 문서>
context 0) 적정 실내 온도: 겨울 22–24℃, 여름 26–28℃.
context 1) 온도 변화는 심혈관·면역·호흡기에 영향.
context 2) 계절별 난방·냉방 관리 및 실내외 온도차 조절 필요.
","- 지난 한달 간 실내 온도가 '정상' 범위(15~28℃)를 벗어나 '높음' 상태(28~33℃)와 '매우높음' 상태(33℃ 초과)였던 시간이 총 382 시간으로 확인되었습니다.
실내 온도가 지속적으로 높은 상태인 것은 여름철 특유의 높은 기온과 직사광선이 주요 원인일 수 있습니다. 이로 인해 온열질환의 위험이 증가하므로, 창문에 커튼이나 차광 필름을 설치하여 직사광선을 차단하시기 바랍니다.
또한 냉방기구의 온도 설정을 적정 범위(26~28℃)로 조절하고, 탈수 방지를 위해 카페인이 들어간 음료나 주류보다는 생수나 이온음료를 섭취하는 것이 좋습니다. 
특히 오후 12시부터 5시 사이에는 실내 온도가 가장 높아지는 시간대이므로 야외활동을 피하고 실내에서 충분한 수분을 섭취하시길 권장합니다. 
마지막으로, 열발진(땀띠)이 생기는 경우에는 파우더 등을 사용하여 열발진 부위를 건조하게 유지하여 불쾌감을 줄이고 피부 질환을 예방하는 것이 좋습니다."
"<실내 습도> 40% 미만(40% 미만)에 해당한 횟수가 356회
	- 참고 사항: 호흡기/피부 건조, 감염위험 ↑, - 코와 기관지 점막이 마르고, 피부와 눈이 건조해 호흡기 질환이나 알레르기 질환 등을 유발할 수 있음
- 통풍이 잘 되는 공간에서 젖은 빨래(수건) 널기, 물 떠놓기, 화분이나 수경 식물 기르기를 통해 실내 습도 적정기준에 맞게 유지 권장","<참고 문서>
context 0) 적정 실내 습도는 40~60%.
context 1) 건조 시 호흡기 건조·염증, 과습 시 곰팡이·감염 증가.
context 2) 환기 및 가습/제습 유지 필요.
","- 최근 한달 간 실내 습도가 '낮음' 상태(40% 미만)였던 시간이 총 356 시간으로 확인되었습니다.
실내 습도가 '낮음' 상태로 지속되는 것은 호흡기와 피부 건조를 유발하여 감염 위험이 증가할 수 있습니다. 특히 코와 기관지 점막이 마르고, 피부와 눈이 건조해져 호흡기 질환이나 알레르기 질환 등의 위험이 높아집니다.
따라서 실내 습도를 적정 범위(40~60%)로 유지하기 위해 통풍이 잘 되는 공간에서 젖은 빨래나 수건을 널거나, 물을 떠놓는 것이 좋습니다. 또한 화분이나 수경 식물을 기르는 것도 실내 습도를 적정 범위로 유지하는 데 도움이 됩니다. 
습도 관리를 위해 가습기를 사용하거나, 일정 시간마다 창문을 열어 환기를 하는 것도 효과적입니다. 이러한 방법들을 통해 실내 습도를 적정 범위로 유지하여 건강한 환경을 조성하시기 바랍니다."
"<실내 이산화탄소 농도> 1,000ppm 이하(1,000ppm 이하)에 해당한 횟수가 264회","<참고 문서>
context 0) CO₂ 1,000ppm 초과 시 졸림·두통·집중력 저하 발생.
context 1) 노인에게는 인지 저하와 호흡기 악화 영향.
context 2) 환기·공기청정기 활용이 효과적.
","- 최근 한달 간 실내 이산화탄소 농도가 '정상' 범위(1,000 ppm 이하)를 유지한 시간이 총 264 시간으로 확인되었습니다.
실내 이산화탄소 농도가 '정상' 범위(1,000 ppm 이하)를 유지하는 것은 졸음, 두통, 집중력 저하 등의 불편을 줄이는 데 도움이 됩니다. 특히 노인의 경우 인지 저하와 호흡기 상태 악화를 방지하는 데 중요합니다. 
이를 유지하기 위해서는 주기적인 환기와 공기청정기 활용이 효과적입니다. 환기는 하루에 몇 번씩 10-15분 정도 실시하며, 외부 공기 품질이 좋지 않은 경우에는 공기청정기를 사용하는 것이 좋습니다. 
또한 실내에서 많은 사람들이 모이는 경우나 요리를 할 때는 이산화탄소 농도가 급격히 상승할 수 있으므로, 이러한 상황에서는 더욱 신경 써서 환기를 실시하는 것이 좋습니다."
"<실내 이산화탄소 농도> 1,000 ppm 초과(1,000 ppm 초과)에 해당한 횟수가 125회
	- 참고 사항: - 농도가 높아지면 졸림, 집중력 저하, 호흡곤란, 어지럼증, 피로/졸림현상, 두통 및 어깨결림 유발
- 새벽이나 이른아침 미세먼지 농도가 낮은 편으로 오전 10시 전에 환기하는 것이 효과적","<참고 문서>
context 0) CO₂ 1,000ppm 초과 시 졸림·두통·집중력 저하 발생.
context 1) 노인에게는 인지 저하와 호흡기 악화 영향.
context 2) 환기·공기청정기 활용이 효과적.
","- 최근 한달 간 실내 이산화탄소 농도가 '높음' 상태(1,000 ppm 초과)였던 시간이 총 125 시간으로 확인되었습니다.
실내 이산화탄소 농도가 '높음' 상태로 지속되면 졸음, 집중력 저하, 호흡곤란, 어지럼증, 피로, 두통, 어깨결림 등의 증상이 유발될 수 있습니다. 특히 노인의 경우 인지 저하와 호흡기 상태 악화 등의 영향을 받을 가능성이 높습니다.
따라서 실내 환기를 통해 이산화탄소 농도를 낮추는 것이 중요합니다. 새벽이나 이른 아침에 미세먼지 농도가 낮은 시간대(오전 10시 전)에 환기를 실시하는 것이 효과적입니다. 또한 공기청정기를 활용하여 실내 공기 질을 개선하는 것도 좋은 방법입니다. 이를 통해 실내 이산화탄소 농도를 '정상' 범위(400~1,000 ppm) 내로 유지하고, 건강한 환경을 조성할 수 있습니다."
"<실내 이산화탄소 농도> 1,000ppm 이하(1,000ppm 이하)에 해당한 횟수가 340회","<참고 문서>
context 0) CO₂ 1,000ppm 초과 시 졸림·두통·집중력 저하 발생.
context 1) 노인에게는 인지 저하와 호흡기 악화 영향.
context 2) 환기·공기청정기 활용이 효과적.
","- 최근 한달 간 실내 이산화탄소 농도가 '정상' 범위(1,000 ppm 이하)에 해당한 시간이 총 340 시간으로 확인되었습니다.
실내 이산화탄소 농도가 '정상' 범위(1,000 ppm 이하)를 유지한 것은 실내 공기 질이 좋았음을 나타냅니다. 이는 졸음, 두통, 집중력 저하 등의 불편을 줄이는 데 도움이 됩니다. 
특히 노인들에게는 인지 저하와 호흡기 상태 악화를 방지하는 데 긍정적인 영향을 미칩니다. 이러한 상태를 유지하기 위해서는 정기적인 환기와 공기청정기 활용이 효과적입니다. 
또한 실내에서 많은 인원이 모이거나 요리를 할 때 이산화탄소 농도가 급격히 상승할 수 있으므로, 이러한 상황에서는 더욱 신경 써서 환기를 실시하는 것이 좋습니다."
"<실내 습도> 40% 미만(40% 미만)에 해당한 횟수가 497회
	- 참고 사항: 호흡기/피부 건조, 감염위험 ↑, - 코와 기관지 점막이 마르고, 피부와 눈이 건조해 호흡기 질환이나 알레르기 질환 등을 유발할 수 있음
- 통풍이 잘 되는 공간에서 젖은 빨래(수건) 널기, 물 떠놓기, 화분이나 수경 식물 기르기를 통해 실내 습도 적정기준에 맞게 유지 권장","<참고 문서>
context 0) 적정 실내 습도는 40~60%.
context 1) 건조 시 호흡기 건조·염증, 과습 시 곰팡이·감염 증가.
context 2) 환기 및 가습/제습 유지 필요.
","- 최근 한달 간 실내 습도가 '낮음' 상태(40% 미만)였던 시간이 총 497 시간으로 확인되었습니다.
실내 습도가 '낮음' 상태로 지속되는 것은 호흡기와 피부 건조를 유발할 수 있습니다. 이로 인해 감염 위험이 증가하고, 코와 기관지 점막이 마르며, 피부와 눈이 건조해져 호흡기 질환이나 알레르기 질환을 유발할 가능성이 있습니다.
따라서 실내 습도를 적정 범위(40~60%)로 유지하기 위해, 통풍이 잘 되는 공간에서 젖은 빨래나 수건을 널거나, 물을 떠놓는 것이 좋습니다. 또한 화분이나 수경 식물을 기르는 것도 실내 습도를 적정 수준으로 유지하는 데 도움이 됩니다. 이러한 방법들을 통해 실내 환경을 쾌적하게 유지하고 건강 문제를 예방할 수 있습니다."
"<실내 조도> 100lx 미만(100lx 미만)에 해당한 횟수가 154회
	- 참고 사항: 아침 활동을 위한 충분한 밝기 부족, - 아침 시간대는 활동성이 높아지는 시간으로 충분한 조도가 필요
- 너무 어두우면 눈의 피로 유발 및 일상 활동에 지장
- 자연광을 최대한 활용하여 실내 조도 확보 권장
- 조도가 낮으면 시야 확보에 어려움이 생기고 낙상 등 상황 발생 가능성 커짐","<참고 문서>
context 0) 노인의 적정 조도: 낮 300~500lx, 야간은 최소 안전조명.
context 1) 과도한 밝기는 수면 방해, 낮은 밝기는 낙상 위험.
context 2) 자연광 활용 및 간접조명 조절 필요.
","- 최근 한달 간 실내 조도가 '낮음' 상태(< 100lx)였던 시간이 총 154 시간으로 확인되었습니다.
실내 조도가 '낮음' 상태로 지속되면 눈의 피로와 일상 활동에 지장을 줄 수 있으며, 특히 아침 시간대에는 활동성이 높아져 충분한 조도가 필요합니다. 이로 인해 낙상 등의 위험도 증가할 수 있으므로, 자연광을 최대한 활용하여 실내 조도를 확보하는 것이 좋습니다.
또한, 조도가 낮은 상태에서는 시야 확보에 어려움이 생겨 안전사고 위험이 커지므로, 필요한 경우 인공 조명을 추가로 설치하거나 간접조명을 조절하여 적정 조도(300~500lx)를 유지하도록 하세요. 특히 노인의 경우, 낮은 조도가 낙상 위험을 더욱 증가시키므로, 낮 시간대에는 최소 300lx 이상의 조도를 유지하는 것이 중요합니다."
"<실내 조도> 300lx 미만(300lx 미만)에 해당한 횟수가 506회
	- 참고 사항: 대낮 활동을 위한 조도 부족, - 대낮 시간대는 가장 활동성이 높은 시간으로 충분한 조도 필요
- 업무나 독서 등 정밀한 작업을 위한 적절한 밝기 부족
- 눈의 피로 및 집중력 저하 유발 가능
- 자연광 활용을 최우선으로 하되 부족 시 인공조명 보완","<참고 문서>
context 0) 노인의 적정 조도: 낮 300~500lx, 야간은 최소 안전조명.
context 1) 과도한 밝기는 수면 방해, 낮은 밝기는 낙상 위험.
context 2) 자연광 활용 및 간접조명 조절 필요.
","- 최근 한달 간 실내 조도가 '낮음' 상태(300lx 미만)였던 시간이 총 506 시간으로 확인되었습니다.
실내 조도가 '낮음' 상태로 지속되면 대낮 활동을 위한 적절한 밝기를 확보하지 못해 눈의 피로와 집중력 저하를 유발할 수 있습니다. 특히, 업무나 독서 등 정밀한 작업을 수행할 때는 더욱 문제가 될 수 있습니다.
자연광을 최대한 활용하여 실내 조도를 높이는 것이 좋습니다. 창문을 열어 자연광이 충분히 들어올 수 있도록 하고, 필요 시 인공조명을 보완하여 적정 조도를 유지하도록 하세요. 또한, 낮 시간대에는 특히 조도를 높여 활동성을 유지하고, 저녁 시간대에는 적정 수준의 조도를 유지하여 수면 방해를 최소화하는 것이 좋습니다.
노인의 경우 낮 시간대에는 300~500lx의 조도가 적정하며, 야간에는 최소한의 안전조명을 유지하는 것이 낙상 위험을 줄이는 데 도움이 됩니다. 따라서, 실내 조도를 적절히 관리하여 쾌적한 생활 환경을 조성하는 것이 중요합니다."
"<실내 습도> 40% ~ 60%(40% ~ 60%)에 해당한 횟수가 556회
	- 참고 사항: 쾌적 건강 유지, - 가장 쾌적하게 느낄 수 있고 건강한 환경을 유지하기 위한 습도는 40~60%
- 적절한 실내 습도를 유지해야 호흡기 점막이 촉촉하게 유지되고 섬모가 활발하게 운동하여 호흡기·기관지 건강을 돕는다","<참고 문서>
context 0) 적정 실내 습도는 40~60%.
context 1) 건조 시 호흡기 건조·염증, 과습 시 곰팡이·감염 증가.
context 2) 환기 및 가습/제습 유지 필요.
","- 지난 한달 간 실내 습도가 '정상' 범위(40%~60%)에 해당한 시간이 총 556 시간으로 확인되었습니다.
실내 습도가 '정상' 범위(40%~60%)를 유지한 것은 호흡기 점막이 촉촉하게 유지되고, 섬모가 활발하게 운동하여 호흡기와 기관지 건강을 도움을 줍니다. 이 상태를 유지하는 것은 건강한 실내 환경을 만드는 데 매우 중요하므로, 현재와 같은 습도 관리를 지속적으로 유지하는 것이 좋습니다.
습도 관리를 위해 적절한 환기와 가습/제습 장치를 활용하는 것이 효과적입니다. 특히 겨울철에는 실내 난방으로 인해 공기가 건조해질 수 있으므로, 가습기를 사용하여 습도를 조절하는 것이 좋습니다. 반대로 여름철에는 실내 습도가 높아질 수 있으므로, 제습기를 사용하여 습도를 낮추는 것이 필요합니다. 이와 같은 방법으로 실내 습도를 '정상' 범위(40%~60%) 내에서 유지하면 호흡기 건강과 쾌적한 환경을 유지할 수 있습니다."
"<실내 온도> 초과(초과)에 해당한 횟수가 572회
	- 참고 사항: 여름
▼
온열질환
주의, (여름)
- 집안 창문에 직사광선을 차단할 수 있도록 커튼이나 천, 필름 등 설치
- 탈수를 유발하는 카페인이 들어간 음료나 주류보다는 생수나 이온음료 마시는 것이 좋음
- 하루 중 오후 12시~5시 사이 야외활동은 피하는 것을 권장
- 열발진(땀띠)이 생긴 경우, 파우더 등을 사용하여 열발진 부위를 건조하게 유지

(겨울)
- 난방기구 직접적인 열을 피하고 적정 온도(18-22도)로 설정하여 과도한 난방 방지
- 실내외 온도차가 10도 이상 나지 않도록 주의하여 감기나 호흡기 질환 예방","<참고 문서>
context 0) 적정 실내 온도: 겨울 22–24℃, 여름 26–28℃.
context 1) 온도 변화는 심혈관·면역·호흡기에 영향.
context 2) 계절별 난방·냉방 관리 및 실내외 온도차 조절 필요.
","- 지난 한달 간 실내 온도가 '정상' 범위(15~28℃)를 벗어나 '높음' 상태(28~33℃)였던 시간이 총 572 시간으로 확인되었습니다.
실내 온도가 '높음' 상태로 지속되는 것은 여름철 특성상 직사광선과 복사열이 주요 원인일 수 있습니다. 이로 인해 온열질환 위험이 증가하므로, 창문에 커튼이나 차광 필름을 설치하여 직사광선을 차단하시기 바랍니다.
또한 냉방기구의 온도 설정을 '적정' 범위(26~28℃) 내로 조절하고, 탈수 방지를 위해 카페인이 들어간 음료나 주류보다는 생수나 이온음료를 섭취하는 것이 좋습니다.
특히 오후 12시부터 5시까지는 실내 온도가 가장 높아지는 시간대이므로 야외활동을 피하고 실내에서 충분한 수분을 섭취하시길 권장합니다. 
마지막으로, 열발진(땀띠)이 생긴 경우 파우더 등을 사용하여 열발진 부위를 건조하게 유지하여 불쾌감을 줄이고 피부 질환을 예방하는 것이 좋습니다."
